model,segment,k,n_users,precision@k,recall@k,hit_rate@k,ndcg@k,coverage
pop_global,all,5,18533,0.0011115307829277505,0.005332829727153366,0.005557653914638753,0.0034288763842495068,0.00022458451864051506
pop_global,all,10,18533,0.0011978632709221389,0.011466033561754707,0.011870717099228403,0.005446366970789668,0.00041173828417427757
pop_global,all,20,18533,0.0010575729779312578,0.020315113581179517,0.020935628338639184,0.007669525572100974,0.0007860458152418026
pop_global,warm,5,387,0.00103359173126615,0.0021533161068044786,0.00516795865633075,0.001219217250079262,0.00022458451864051506
pop_global,warm,10,387,0.00103359173126615,0.007321274763135229,0.0103359173126615,0.0029548039784868868,0.00041173828417427757
pop_global,warm,20,387,0.0009043927648578811,0.015073212747631352,0.01808785529715762,0.004912360547987906,0.0007860458152418026
pop_global_rating,all,5,18533,0.0011115307829277505,0.005332829727153366,0.005557653914638753,0.002865017075605992,0.00022458451864051506
pop_global_rating,all,10,18533,0.0011978632709221389,0.011466033561754707,0.011870717099228403,0.004865612097613868,0.00041173828417427757
pop_global_rating,all,20,18533,0.0010009172826849406,0.01934387309124265,0.019910430043705823,0.006870494996201554,0.0007860458152418026
pop_global_rating,warm,5,387,0.00103359173126615,0.0021533161068044786,0.00516795865633075,0.0012886498335503078,0.00022458451864051506
pop_global_rating,warm,10,387,0.00103359173126615,0.007321274763135229,0.0103359173126615,0.002986937127534813,0.00041173828417427757
pop_global_rating,warm,20,387,0.0007751937984496124,0.012489233419465976,0.015503875968992248,0.004339891876292839,0.0007860458152418026
pop_categoria,all,5,18533,0.0011546970269249448,0.005557653914638753,0.005773485134624724,0.0030471947702223195,0.008796226980086839
pop_categoria,all,10,18533,0.001219446392920736,0.011690857749240094,0.012086548319214374,0.005047789792230196,0.01673154663871837
pop_categoria,all,20,18533,0.0010171046241838882,0.019676612888721016,0.020234176873684777,0.0070787160808223415,0.032302739931127415
pop_categoria,warm,5,387,0.0031007751937984496,0.012919896640826873,0.015503875968992248,0.010012937209065565,0.008796226980086839
pop_categoria,warm,10,387,0.0020671834625323,0.01808785529715762,0.020671834625323,0.011711224503050071,0.01673154663871837
pop_categoria,warm,20,387,0.0015503875968992248,0.028423772609819122,0.031007751937984496,0.014311368262021645,0.032302739931127415
