comparacion,segment,n_users,aciertos,estimado,ic95_bajo,ic95_alto,significativa
pop_global (baseline),all,18533,220.0,0.011870717099228403,0.010413856364323099,0.0133815356391302,
pop_categoria,all,18533,224.0,0.012086548319214374,0.01062968758430907,0.013651324664112664,
pop_reciente_30d,all,18533,250.0,0.013489451249123185,0.011924674904224896,0.015162143204014461,
item2item_solo_cocompra,all,18533,250.0,0.013489451249123185,0.011924674904224896,0.015162143204014461,
item2item_hibrido,all,18533,254.0,0.013705282469109157,0.012139157179085956,0.015377974424000431,
item2item_hibrido - pop_global (baseline),all,18533,,0.0018345653698807532,-0.00032374682997895647,0.00383235309987589,False
item2item_hibrido - pop_reciente_30d,all,18533,,0.00021583121998597097,-0.00010791560999298548,0.0005935358549614202,False
pop_reciente_30d - pop_global (baseline),all,18533,,0.0016187341498947823,-0.00043301138509685416,0.0036691307397615064,False
item2item_hibrido - pop_categoria,all,18533,,0.0016187341498947823,-0.00048562024496843467,0.003616521879889919,False
pop_global (baseline),warm,387,4.0,0.0103359173126615,0.002583979328165375,0.020671834625323,
pop_categoria,warm,387,8.0,0.020671834625323,0.007751937984496124,0.03617571059431524,
pop_reciente_30d,warm,387,4.0,0.0103359173126615,0.002583979328165375,0.020671834625323,
item2item_solo_cocompra,warm,387,4.0,0.0103359173126615,0.002583979328165375,0.020671834625323,
item2item_hibrido,warm,387,8.0,0.020671834625323,0.007751937984496124,0.03617571059431524,
item2item_hibrido - pop_global (baseline),warm,387,,0.0103359173126615,-0.00516795865633075,0.025839793281653745,False
item2item_hibrido - pop_reciente_30d,warm,387,,0.0103359173126615,-0.00516795865633075,0.028423772609819122,False
pop_reciente_30d - pop_global (baseline),warm,387,,0.0,-0.0103359173126615,0.0103359173126615,False
item2item_hibrido - pop_categoria,warm,387,,0.0,0.0,0.0,False
